masterID,masterTime,mastermag,masterlat,masterlon,masterdep,egfID,egfTime,egfmag,M0,magdif,egflat,egflon,egfdep,rgs,rgs_M0r,rgs_fcegf,rgs_fcmaster,rgs_fc_std
10972756,2018-11-18T20:25:45,6.8,-17.8735,-178.9273,540.0,1327033,2002-06-16T06:55:13,5.9,1.72e+19,0.8999999999999995,-17.866,-178.696,569.0,5,15.912602141611616,3.3544429136308764,0.783221449495471,0.0120171018607017
10953779,2018-09-30T10:52:24,6.7,-18.3604,-178.0633,550.0,10003813,2017-02-24T23:46:45,5.9,1.27e+19,0.7999999999999998,-17.9547,-178.4384,581.62,32,5.680386976001794,1.2215823231142342,0.5582853872981731,0.009240975740842658
10953779,2018-09-30T10:52:24,6.7,-18.3604,-178.0633,550.0,3334228,2012-02-10T01:47:33,5.9,1.27e+19,0.7999999999999998,-17.968,-178.549,582.3,25,9.508882851393665,0.5134062630728057,0.2280359845746697,0.010479561135067674
10944928,2018-09-06T15:49:14,7.9,-18.4743,179.3502,670.81,2840820,2009-11-09T10:44:54,7.3,8.52e+20,0.6000000000000005,-17.239,178.331,595.0,142,12.379626019016749,1.0783863982067898,0.6339424173408423,0.01720590904787243
10944928,2018-09-06T15:49:14,7.9,-18.4743,179.3502,670.81,1857221,2004-11-17T21:09:09,6.6,8.52e+20,1.3000000000000007,-20.068,-178.71,622.6,55,36.34843861166362,3.581506522362277,0.7295080359660001,0.011177388719301679
10944928,2018-09-06T15:49:14,7.9,-18.4743,179.3502,670.81,1404671,2002-10-04T19:05:49,6.3,8.52e+20,1.6000000000000003,-20.991,-179.016,621.1,25,54.293093362337345,5.915580106978531,0.9189752581267404,0.007902693203597794
10944928,2018-09-06T15:49:14,7.9,-18.4743,179.3502,670.81,1327033,2002-06-16T06:55:13,5.9,8.52e+20,2.0,-17.866,-178.696,569.0,4,280.615195733964,18.23070498749338,0.8122531515522068,0.014149685656030787
10944928,2018-09-06T15:49:14,7.9,-18.4743,179.3502,670.81,1097023,2001-09-12T08:48:37,6.5,8.52e+20,1.4000000000000004,-20.993,-179.109,608.1,29,61.14267579437561,2.3326823657486786,0.5623218090517207,0.01954047224741
10944928,2018-09-06T15:49:14,7.9,-18.4743,179.3502,670.81,934352,2000-09-02T17:02:17,6.0,8.52e+20,1.9000000000000004,-20.073,-179.135,687.6,11,126.24300591123621,5.335906117681283,0.5037458599982161,0.010468397682591748
10944928,2018-09-06T15:49:14,7.9,-18.4743,179.3502,670.81,883990,2000-05-04T20:36:29,6.5,8.52e+20,1.4000000000000004,-17.914,-178.52200000000005,515.8,11,68.74337033074673,4.075987693345535,0.8287145178971289,0.010402785808339287
10939656,2018-08-24T09:04:06,7.1,-11.0355,-70.8284,630.0,2609353,2007-07-21T13:27:03,6.1,5.43e+19,1.0,-8.133,-71.27199999999998,644.9,72,28.6015296186138,13.653965176864094,2.1733774972844766,0.013156873246802472
10937540,2018-08-19T00:19:40,8.2,-18.1125,-178.153,600.0,10972756,2018-11-18T20:25:45,6.8,2.52e+21,1.3999999999999997,-17.8735,-178.9273,540.0,74,156.90836887265237,0.34259011262685296,0.07583671100533942,0.007791487685764706
10937540,2018-08-19T00:19:40,8.2,-18.1125,-178.153,600.0,10394345,2017-08-19T02:00:52,6.4,2.52e+21,1.7999999999999992,-17.9609,-178.8406,544.0,68,200.6335287080534,0.9394892147226876,0.15504642184629172,0.014835056481345256
10937540,2018-08-19T00:19:40,8.2,-18.1125,-178.153,600.0,9376197,2016-09-24T21:28:41,6.9,2.52e+21,1.299999999999999,-19.7819,-178.2443,596.4,49,30.610685459780694,0.7876169926651123,0.3548483809340332,0.012327501544674407
10937540,2018-08-19T00:19:40,8.2,-18.1125,-178.153,600.0,5167348,2015-12-06T17:09:29,5.6,2.52e+21,2.6,-18.1602,-178.69400000000005,547.0,6,1439.8364275361414,0.3658383979709636,0.05391482625786878,0.044843712393316214
10937540,2018-08-19T00:19:40,8.2,-18.1125,-178.153,600.0,5149577,2015-06-16T06:17:00,5.9,2.52e+21,2.299999999999999,-20.3944,-179.0024,656.0,41,541.1585080473478,1.4091311645052664,0.21017253796372148,0.01920778770539339
10937540,2018-08-19T00:19:40,8.2,-18.1125,-178.153,600.0,5112137,2015-04-28T16:39:39,6.1,2.52e+21,2.1,-20.8865,-178.6329,581.0,11,333.21347509143936,0.634603170771439,0.10965801985174224,0.05211721318682405
10937540,2018-08-19T00:19:40,8.2,-18.1125,-178.153,600.0,4819551,2014-12-30T21:17:22,6.0,2.52e+21,2.1999999999999997,-20.3263,-178.5839,599.28,19,723.159059222755,0.23724298862602775,0.05653046699173131,0.035294209051455014
10937540,2018-08-19T00:19:40,8.2,-18.1125,-178.153,600.0,4813335,2014-11-01T18:57:22,7.1,2.52e+21,1.0999999999999996,-19.6903,-177.7587,434.0,42,44.30940280641944,1.043804751615323,0.3630580969197912,0.014193036209289987
10937540,2018-08-19T00:19:40,8.2,-18.1125,-178.153,600.0,4725571,2014-07-21T14:54:41,6.9,2.52e+21,1.299999999999999,-19.8015,-178.4001,615.42,43,49.96847852528328,0.5099565889364334,0.1778807850164852,0.027488038503298645
10937540,2018-08-19T00:19:40,8.2,-18.1125,-178.153,600.0,3334228,2012-02-10T01:47:33,5.9,2.52e+21,2.299999999999999,-17.968,-178.549,582.3,25,732.7652352624532,0.4139836792661658,0.07518549466012177,0.013115597454496192
10937540,2018-08-19T00:19:40,8.2,-18.1125,-178.153,600.0,3322252,2011-09-15T19:31:03,7.3,2.52e+21,0.8999999999999995,-21.611,-179.528,644.8,148,26.18474854103497,1.1537609613723403,0.38262165089535616,0.05244465440795807
10937540,2018-08-19T00:19:40,8.2,-18.1125,-178.153,600.0,2878496,2010-08-16T19:35:48,6.2,2.52e+21,1.9999999999999991,-20.799,-178.826,603.2,66,254.801160083022,2.3989220716571538,0.2812006256648826,0.01134198722138543
10937540,2018-08-19T00:19:40,8.2,-18.1125,-178.153,600.0,2841270,2009-11-22T07:48:21,6.4,2.52e+21,1.7999999999999992,-17.794,-178.425,522.6,47,578.8947443347907,0.27293269994789204,0.06678221869915105,0.01909510779669757
10937540,2018-08-19T00:19:40,8.2,-18.1125,-178.153,600.0,2840820,2009-11-09T10:44:54,7.3,2.52e+21,0.8999999999999995,-17.239,178.331,595.0,142,48.7673834777234,0.7140996184489186,0.21985294499319405,0.019881920266667116
10937540,2018-08-19T00:19:40,8.2,-18.1125,-178.153,600.0,2728435,2008-04-18T20:39:07,6.3,2.52e+21,1.8999999999999997,-17.342,-179.02200000000005,553.8,45,510.8302504541628,0.3179719871296329,0.07978023808713597,0.04080858489645833
10937540,2018-08-19T00:19:40,8.2,-18.1125,-178.153,600.0,2704829,2008-01-15T17:52:16,6.5,2.52e+21,1.6999999999999993,-21.984,-179.535,597.6,59,229.668506224934,1.2612126418491316,0.31017487914463104,0.02542208751829069
10937540,2018-08-19T00:19:40,8.2,-18.1125,-178.153,600.0,2425804,2007-05-06T22:01:09,6.1,2.52e+21,2.1,-19.406,-179.315,688.0,7,411.30024565974566,2.028906711548102,0.3233906168981262,0.04525160107670394
10937540,2018-08-19T00:19:40,8.2,-18.1125,-178.153,600.0,2476415,2007-03-23T22:30:54,5.8,2.52e+21,2.3999999999999995,-18.858,-178.37099999999995,613.1,6,2387.238143353112,2.0307499599880128,0.09124142060506704,0.027960581981206708
10937540,2018-08-19T00:19:40,8.2,-18.1125,-178.153,600.0,2276285,2006-02-24T14:15:45,6.1,2.52e+21,2.1,-17.995,-179.59,622.4,46,710.3790477471265,0.8188526627613004,0.1454877353483238,0.03667765794920678
10937540,2018-08-19T00:19:40,8.2,-18.1125,-178.153,600.0,2009482,2005-03-19T17:34:45,6.3,2.52e+21,1.8999999999999997,-21.893,-179.547,598.7,40,463.1398601313377,0.2667484048151937,0.07922753095183238,0.037362678222144216
10937540,2018-08-19T00:19:40,8.2,-18.1125,-178.153,600.0,1857221,2004-11-17T21:09:09,6.6,2.52e+21,1.5999999999999996,-20.068,-178.71,622.6,55,153.46630503890904,4.021936734674797,0.3284783417567021,0.011940166415432923
10937540,2018-08-19T00:19:40,8.2,-18.1125,-178.153,600.0,1404671,2002-10-04T19:05:49,6.3,2.52e+21,1.8999999999999997,-20.991,-179.016,621.1,24,348.3888936988416,2.9654603871149616,0.259840652479115,0.022385265262593417
10937540,2018-08-19T00:19:40,8.2,-18.1125,-178.153,600.0,1369933,2002-06-30T21:29:36,6.5,2.52e+21,1.6999999999999993,-22.201,179.25,620.4,34,260.5846737580689,5.387123494421303,0.3974318220618058,0.010583416928184805
10937540,2018-08-19T00:19:40,8.2,-18.1125,-178.153,600.0,1327033,2002-06-16T06:55:13,5.9,2.52e+21,2.299999999999999,-17.866,-178.696,569.0,4,3725.2790368242436,6.749287714634683,0.12355241032115817,0.02096954827860792
10937540,2018-08-19T00:19:40,8.2,-18.1125,-178.153,600.0,1149145,2001-11-05T23:07:10,6.3,2.52e+21,1.8999999999999997,-17.289,-179.25099999999995,564.1,7,178.58540802398383,2.200031380948852,0.4063615232790888,0.026924513429525232
10937540,2018-08-19T00:19:40,8.2,-18.1125,-178.153,600.0,1097023,2001-09-12T08:48:37,6.5,2.52e+21,1.6999999999999993,-20.993,-179.109,608.1,29,335.3042474036713,2.8665984562898768,0.2289548694647154,0.01691199482283218
10937540,2018-08-19T00:19:40,8.2,-18.1125,-178.153,600.0,1039338,2000-12-18T01:19:21,6.6,2.52e+21,1.5999999999999996,-21.178,-179.12400000000005,628.2,36,188.58477354284648,2.2829215190771084,0.2411393864087407,0.015169390109282354
10937540,2018-08-19T00:19:40,8.2,-18.1125,-178.153,600.0,934352,2000-09-02T17:02:17,6.0,2.52e+21,2.1999999999999997,-20.073,-179.135,687.6,11,561.4641863648653,6.0916242625581445,0.2312545246262224,0.011469172233157751
10937540,2018-08-19T00:19:40,8.2,-18.1125,-178.153,600.0,883990,2000-05-04T20:36:29,6.5,2.52e+21,1.6999999999999993,-17.914,-178.52200000000005,515.8,10,482.75576000844137,2.219905240971882,0.20958561409458348,0.016950953876516385
10447967,2017-10-24T10:47:47,6.7,-7.2168,123.0735,553.81,5191265,2016-08-23T19:39:44,6.0,1.52e+19,0.7000000000000002,-7.2872,122.4345,533.0,42,9.456634657279274,0.3626861329971129,0.1595645151210842,0.010040427006956985
9953968,2017-01-10T06:13:47,7.3,4.4782,122.6171,627.17,10801956,2018-05-10T18:02:28,5.9,1e+20,1.3999999999999997,6.8698,123.762,535.0,44,64.38400809656379,0.3219274405653555,0.14378235150171667,0.017669686664525827
9376197,2016-09-24T21:28:41,6.9,-19.7819,-178.2443,596.4,5149842,2015-06-21T21:28:16,6.0,2.99e+19,0.9000000000000004,-20.4307,-178.3276,562.61,109,13.98046201536527,0.5144168846999837,0.1960629246023316,0.014071199791080638
9376197,2016-09-24T21:28:41,6.9,-19.7819,-178.2443,596.4,4819551,2014-12-30T21:17:22,6.0,2.99e+19,0.9000000000000004,-20.3263,-178.5839,599.28,32,23.71471827185723,0.2475584638710981,0.0970019646216362,0.030562162757969157
9376197,2016-09-24T21:28:41,6.9,-19.7819,-178.2443,596.4,3318415,2011-07-22T06:56:39,5.9,2.99e+19,1.0,-20.325,-178.595,612.1,54,23.36235139512877,0.23924640667736585,0.08899610108964348,0.018264738795198125
9376197,2016-09-24T21:28:41,6.9,-19.7819,-178.2443,596.4,2874365,2010-06-22T22:16:21,5.8,2.99e+19,1.1000000000000003,-19.201,-177.553,562.5,8,24.29120757177831,0.3580638311534847,0.1101171489782241,0.0502124374281525
9376197,2016-09-24T21:28:41,6.9,-19.7819,-178.2443,596.4,2476415,2007-03-23T22:30:54,5.8,2.99e+19,1.1000000000000003,-18.858,-178.37099999999995,613.1,6,81.28993961782754,0.7656214638886072,0.11366985382915334,0.01903504068634444
5183873,2016-05-27T04:08:43,6.4,-20.8101,-178.6481,567.48,3318415,2011-07-22T06:56:39,5.9,5.87e+18,0.5,-20.325,-178.595,612.1,48,9.551390407195491,0.16442597129696,0.07939935519027175,0.009087259959244877
5166221,2015-11-24T22:50:54,7.6,-10.0598,-71.0184,620.56,9946953,2016-12-18T13:30:11,6.4,3.7e+20,1.1999999999999993,-9.9738,-70.9698,612.0,271,74.00585837506691,0.8142460823964235,0.26295398844361645,0.03109378431388355
5166221,2015-11-24T22:50:54,7.6,-10.0598,-71.0184,620.56,2850834,2010-05-24T16:18:28,6.5,3.7e+20,1.0999999999999996,-8.087,-71.558,581.2,128,174.67641993510625,1.1178894486010376,0.24580885039635125,0.04122925656093866
5166221,2015-11-24T22:50:54,7.6,-10.0598,-71.0184,620.56,2609353,2007-07-21T13:27:03,6.1,3.7e+20,1.5,-8.133,-71.27199999999998,644.9,77,671.3430693563546,0.6911983192582152,0.122492578057635,0.017306496732523543
5148725,2015-05-30T11:23:02,7.8,27.8386,140.4931,664.0,10401792,2017-09-07T17:26:49,6.1,7.65e+20,1.7000000000000002,27.7829,139.8041,451.0,172,116.46185727172501,99.99999999976869,1.6275134414972865,0.007823515547369575
5148725,2015-05-30T11:23:02,7.8,27.8386,140.4931,664.0,5149896,2015-06-23T12:18:30,6.5,7.65e+20,1.2999999999999998,27.7375,139.7254,460.0,112,36.046350233410365,5.450977284599471,1.5829418941607492,0.008087753099149018
5148725,2015-05-30T11:23:02,7.8,27.8386,140.4931,664.0,4723542,2014-06-30T19:55:33,6.2,7.65e+20,1.5999999999999996,28.3404,138.8441,511.0,133,85.11967936362372,26.879865880913574,1.8996349660953682,0.009304148373704168
5148725,2015-05-30T11:23:02,7.8,27.8386,140.4931,664.0,3340348,2012-05-26T21:48:09,6.0,7.65e+20,1.7999999999999998,26.91,140.055,487.4,70,96.10488877347431,11.570023473732615,1.6351037410678908,0.011198364555790626
5148725,2015-05-30T11:23:02,7.8,27.8386,140.4931,664.0,3202775,2010-11-30T03:24:41,6.8,7.65e+20,1.0,28.349,139.187,470.0,161,22.294351322736503,4.196894087235597,1.776180417236897,0.009110659619514213
5148725,2015-05-30T11:23:02,7.8,27.8386,140.4931,664.0,1293514,2002-06-03T09:15:02,5.9,7.65e+20,1.8999999999999997,27.564,139.78,488.7,18,148.16566665323958,13.113007933893776,1.627976633668234,0.01977119027369057
5007016,2015-02-27T13:45:05,7.0,-7.2968,122.5348,552.06,5191265,2016-08-23T19:39:44,6.0,3.6e+19,1.0,-7.2872,122.4345,533.0,70,13.643349436715805,0.9913097822562241,0.4241720482541408,0.01569987294816445
5007016,2015-02-27T13:45:05,7.0,-7.2968,122.5348,552.06,2313099,2006-09-09T04:13:12,6.3,3.6e+19,0.7000000000000002,-7.2189999999999985,120.106,572.0,37,22.240332227455678,1.5820845365438612,0.8649568610445291,0.014669929348635237
4813335,2014-11-01T18:57:22,7.1,-19.6903,-177.7587,434.0,10394345,2017-08-19T02:00:52,6.4,5.74e+19,0.6999999999999993,-17.9609,-178.8406,544.0,46,12.103933002519536,0.4241573940233183,0.1839019558089907,0.010246610025835596
4813335,2014-11-01T18:57:22,7.1,-19.6903,-177.7587,434.0,5167348,2015-12-06T17:09:29,5.6,5.74e+19,1.5,-18.1602,-178.69400000000005,547.0,6,31.79998445186778,0.3105126936809809,0.09328560066970884,0.024437771068211028
4813335,2014-11-01T18:57:22,7.1,-19.6903,-177.7587,434.0,5149577,2015-06-16T06:17:00,5.9,5.74e+19,1.1999999999999993,-20.3944,-179.0024,656.0,16,37.80280968325371,1.1720770510774103,0.4629688481003005,0.011073578524581093
4813335,2014-11-01T18:57:22,7.1,-19.6903,-177.7587,434.0,5109197,2015-04-02T04:10:10,5.9,5.74e+19,1.1999999999999993,-17.8607,-178.5831,560.0,30,18.085081045505323,0.24158044442441265,0.10309105452042568,0.0117639939283963
4813335,2014-11-01T18:57:22,7.1,-19.6903,-177.7587,434.0,5003507,2015-01-28T02:43:19,6.2,5.74e+19,0.8999999999999995,-20.9665,-178.3032,484.12,81,12.314362528220364,0.8226818345631054,0.4712650668411395,0.011242010834454672
4813335,2014-11-01T18:57:22,7.1,-19.6903,-177.7587,434.0,8794268,2012-08-05T13:55:10,5.8,5.74e+19,1.2999999999999998,-21.15,-178.358,484.3,15,18.633995167491427,1.544075316830542,0.5602085716632943,0.02480700667033372
4813335,2014-11-01T18:57:22,7.1,-19.6903,-177.7587,434.0,3334228,2012-02-10T01:47:33,5.9,5.74e+19,1.1999999999999993,-17.968,-178.549,582.3,19,17.852310623931736,0.34583639976900377,0.12798910148286288,0.00908145457062996
4813335,2014-11-01T18:57:22,7.1,-19.6903,-177.7587,434.0,3318415,2011-07-22T06:56:39,5.9,5.74e+19,1.1999999999999993,-20.325,-178.595,612.1,49,20.72239685251315,0.5497027950418321,0.21568169320015806,0.01805686367147445
4813335,2014-11-01T18:57:22,7.1,-19.6903,-177.7587,434.0,2878496,2010-08-16T19:35:48,6.2,5.74e+19,0.8999999999999995,-20.799,-178.826,603.2,76,11.441073628307162,1.096802612674444,0.4110071617928949,0.00801348351467635
4813335,2014-11-01T18:57:22,7.1,-19.6903,-177.7587,434.0,2874365,2010-06-22T22:16:21,5.8,5.74e+19,1.2999999999999998,-19.201,-177.553,562.5,8,26.892024330018586,0.8368766794080279,0.2411587200536919,0.028134242626298874
4813335,2014-11-01T18:57:22,7.1,-19.6903,-177.7587,434.0,2841270,2009-11-22T07:48:21,6.4,5.74e+19,0.6999999999999993,-17.794,-178.425,522.6,47,15.71333819962264,0.19200447626623773,0.1004261584041335,0.01816328645883374
4813335,2014-11-01T18:57:22,7.1,-19.6903,-177.7587,434.0,2728435,2008-04-18T20:39:07,6.3,5.74e+19,0.7999999999999998,-17.342,-179.02200000000005,553.8,45,16.416441589747485,0.20805886377329455,0.1076468054682441,0.03358112576203737
4813335,2014-11-01T18:57:22,7.1,-19.6903,-177.7587,434.0,2425804,2007-05-06T22:01:09,6.1,5.74e+19,1.0,-19.406,-179.315,688.0,6,17.383990878853854,1.9107347665709151,0.5909825721060468,0.029346377514476326
4813335,2014-11-01T18:57:22,7.1,-19.6903,-177.7587,434.0,2476415,2007-03-23T22:30:54,5.8,5.74e+19,1.2999999999999998,-18.858,-178.37099999999995,613.1,5,165.9922170637355,1.3947520556383406,0.0981439847474366,0.019129385350568292
4813335,2014-11-01T18:57:22,7.1,-19.6903,-177.7587,434.0,1404671,2002-10-04T19:05:49,6.3,5.74e+19,0.7999999999999998,-20.991,-179.016,621.1,25,17.63017427244827,0.43016730874741455,0.16396665351146322,0.014718107757803004
4813335,2014-11-01T18:57:22,7.1,-19.6903,-177.7587,434.0,1097023,2001-09-12T08:48:37,6.5,5.74e+19,0.5999999999999996,-20.993,-179.109,608.1,30,17.100619978491054,0.2124944089392819,0.0960856001046484,0.0245824091554951
4813335,2014-11-01T18:57:22,7.1,-19.6903,-177.7587,434.0,1039338,2000-12-18T01:19:21,6.6,5.74e+19,0.5,-21.178,-179.12400000000005,628.2,37,9.925752291357039,0.2404444980930989,0.1156077907474152,0.029762684658922487
4813335,2014-11-01T18:57:22,7.1,-19.6903,-177.7587,434.0,934352,2000-09-02T17:02:17,6.0,5.74e+19,1.0999999999999996,-20.073,-179.135,687.6,11,16.938977471468313,1.1285928924357362,0.4630506903308487,0.019738593360536943
4813335,2014-11-01T18:57:22,7.1,-19.6903,-177.7587,434.0,883990,2000-05-04T20:36:29,6.5,5.74e+19,0.5999999999999996,-17.914,-178.52200000000005,515.8,10,23.598717745936817,0.6056517772036776,0.1919768804202781,0.015532934974935231
4725571,2014-07-21T14:54:41,6.9,-19.8015,-178.4001,615.42,5149842,2015-06-21T21:28:16,6.0,2.95e+19,0.9000000000000004,-20.4307,-178.3276,562.61,15,6.944781353027265,1.1745723118637137,0.5383291348901982,0.008729708380585005
4725571,2014-07-21T14:54:41,6.9,-19.8015,-178.4001,615.42,2476415,2007-03-23T22:30:54,5.8,2.95e+19,1.1000000000000003,-18.858,-178.37099999999995,613.1,5,79.0174316889763,1.3402691571906291,0.15172339159470774,0.029128391548642614
4218658,2013-05-24T05:44:49,8.3,54.892,153.221,598.1,4310156,2013-10-01T03:38:21,6.7,3.95e+21,1.6000000000000003,53.1995,152.7864,573.0,721,57.21500873996222,7.294769403754119,1.929409383857985,0.01548341955165175
4218030,2013-05-14T00:32:26,6.8,18.728,145.28799999999995,602.2,5166177,2015-11-24T13:21:35,6.0,2.14e+19,0.7999999999999998,18.7787,145.2659,586.88,63,12.114225627668054,0.200663075463052,0.11577465090257832,0.007580335286131933
3322252,2011-09-15T19:31:03,7.3,-21.611,-179.528,644.8,5195908,2016-10-18T16:36:41,5.9,1.19e+20,1.3999999999999997,-23.3265,-179.843,540.0,23,73.37854990043057,0.20852582808944714,0.08374199662093752,0.01462250465457634
3322252,2011-09-15T19:31:03,7.3,-21.611,-179.528,644.8,5149842,2015-06-21T21:28:16,6.0,1.19e+20,1.2999999999999998,-20.4307,-178.3276,562.61,65,18.317549756535698,0.8164876559367139,0.3945710160246017,0.024152315351815168
3322252,2011-09-15T19:31:03,7.3,-21.611,-179.528,644.8,2878496,2010-08-16T19:35:48,6.2,1.19e+20,1.0999999999999996,-20.799,-178.826,603.2,98,12.386399763384516,2.542791657764361,1.0017825364850592,0.008141402772007459
3322252,2011-09-15T19:31:03,7.3,-21.611,-179.528,644.8,2724685,2008-07-03T03:02:35,6.2,1.19e+20,1.0999999999999996,-23.37,-179.778,581.2,56,17.246358321257166,1.3767789106346366,0.6606260036392687,0.01568339356682874
3322252,2011-09-15T19:31:03,7.3,-21.611,-179.528,644.8,2425804,2007-05-06T22:01:09,6.1,1.19e+20,1.2000000000000002,-19.406,-179.315,688.0,9,33.12187263567981,3.7019257051361234,1.0376374691590335,0.009434275198074866
3322252,2011-09-15T19:31:03,7.3,-21.611,-179.528,644.8,2476415,2007-03-23T22:30:54,5.8,1.19e+20,1.5,-18.858,-178.37099999999995,613.1,8,183.0220901157655,0.4945653746984401,0.0919226890430086,0.012844117574294952
3322252,2011-09-15T19:31:03,7.3,-21.611,-179.528,644.8,1857221,2004-11-17T21:09:09,6.6,1.19e+20,0.7000000000000002,-20.068,-178.71,622.6,63,6.088572725543704,1.9447485821522141,1.0169621158980269,0.009430122347306944
3322252,2011-09-15T19:31:03,7.3,-21.611,-179.528,644.8,1039338,2000-12-18T01:19:21,6.6,1.19e+20,0.7000000000000002,-21.178,-179.12400000000005,628.2,45,11.35938832746506,0.1947779796696715,0.1100804831503592,0.027543402313372187
3322252,2011-09-15T19:31:03,7.3,-21.611,-179.528,644.8,934352,2000-09-02T17:02:17,6.0,1.19e+20,1.2999999999999998,-20.073,-179.135,687.6,14,18.312697424888853,1.7993598902096457,0.6904360048618323,0.010454287203995695
3318957,2011-07-29T07:42:22,6.7,-23.801,179.75099999999995,532.0,5157946,2015-09-07T08:46:09,6.0,1.54e+19,0.7000000000000002,-24.2427,179.1278,535.0,14,14.538297130230859,0.14632229200499425,0.07957287677363674,0.017674248929626196
3318957,2011-07-29T07:42:22,6.7,-23.801,179.75099999999995,532.0,3319468,2011-08-02T19:18:47,5.7,1.54e+19,1.0,-23.983,179.007,528.9,11,12.156531084110167,0.466185702755964,0.20482202744326766,0.04541802252996282
3318957,2011-07-29T07:42:22,6.7,-23.801,179.75099999999995,532.0,2875009,2010-07-08T12:48:21,5.8,1.54e+19,0.9000000000000004,-24.007,-179.78799999999995,510.7,7,16.932701471096987,0.3641999913725821,0.14873228789265175,0.015339792531729953
3318957,2011-07-29T07:42:22,6.7,-23.801,179.75099999999995,532.0,2844256,2010-02-07T22:28:20,5.9,1.54e+19,0.7999999999999998,-23.319000000000006,-179.877,544.0,13,15.278999888381508,0.2728179271794554,0.1024734425616062,0.009142960350248752
3318957,2011-07-29T07:42:22,6.7,-23.801,179.75099999999995,532.0,2724685,2008-07-03T03:02:35,6.2,1.54e+19,0.5,-23.37,-179.778,581.2,53,8.115221852002753,0.45742762871342396,0.22811039593518825,0.011680134950479622
3282255,2011-04-03T14:07:08,6.4,-17.642,-178.585,551.7,10003813,2017-02-24T23:46:45,5.9,4.94e+18,0.5,-17.9547,-178.4384,581.62,12,7.887321193022282,1.050103664163906,0.44882637488184,0.01641788833298212
3282255,2011-04-03T14:07:08,6.4,-17.642,-178.585,551.7,3334228,2012-02-10T01:47:33,5.9,4.94e+18,0.5,-17.968,-178.549,582.3,16,3.7675850072887718,0.397112282391854,0.2231576474464397,0.009752469036020459
3282255,2011-04-03T14:07:08,6.4,-17.642,-178.585,551.7,1327033,2002-06-16T06:55:13,5.9,4.94e+18,0.5,-17.866,-178.696,569.0,9,18.57371528675186,1.967584578970464,0.4323028793879016,0.014941344529840759
3275804,2011-01-12T21:32:54,6.4,26.973000000000006,139.882,512.0,1293514,2002-06-03T09:15:02,5.9,7.39e+18,0.5,27.564,139.78,488.7,36,9.210759947149755,8.261719582241474,2.2107976886505543,0.011136419504704051
3207531,2011-01-01T09:56:58,7.0,-26.803,-63.136,576.8,2854370,2008-09-03T11:25:14,6.3,4.35e+19,0.7000000000000002,-26.736,-63.225,569.6,106,7.249850170348423,5.495537480269786,2.0350180398281887,0.009719084730107415
3202775,2010-11-30T03:24:41,6.8,28.349,139.187,470.0,4723542,2014-06-30T19:55:33,6.2,1.9e+19,0.5999999999999996,28.3404,138.8441,511.0,90,6.8535686021255335,1.2200725999509348,0.7405528637722077,0.033093662705506274
3202775,2010-11-30T03:24:41,6.8,28.349,139.187,470.0,1293514,2002-06-03T09:15:02,5.9,1.9e+19,0.8999999999999995,27.564,139.78,488.7,34,10.595200948610113,4.264346805171722,1.7784376423769186,0.012521211140593487
2876688,2010-07-23T23:15:09,7.5,6.776,123.259,640.6,10967590,2018-11-04T07:55:28,6.0,1.87e+20,1.5,7.7599,123.867,600.71,39,805.2855013669267,0.3826580114095202,0.06563027759517906,0.014031307867862485
2876688,2010-07-23T23:15:09,7.5,6.776,123.259,640.6,10801956,2018-05-10T18:02:28,5.9,1.87e+20,1.5999999999999996,6.8698,123.762,535.0,45,1223.5261438484952,0.3647685014458182,0.055950083543608566,0.01233605670823995
2876688,2010-07-23T23:15:09,7.5,6.776,123.259,640.6,3277780,2011-02-10T14:41:59,6.6,1.87e+20,0.9000000000000004,4.077,123.039,525.0,58,80.62593944570372,0.2507266147255914,0.0672801991862275,0.013791349478108264
2876688,2010-07-23T23:15:09,7.5,6.776,123.259,640.6,1179530,2000-08-31T08:24:11,5.7,1.87e+20,1.7999999999999998,5.069,123.212,588.3,6,1326.5902615868765,0.3918228277711656,0.050666603061918135,0.022886467404712427
2876682,2010-07-23T22:51:13,7.6,6.497000000000001,123.48,578.0,10801956,2018-05-10T18:02:28,5.9,3.64e+20,1.6999999999999993,6.8698,123.762,535.0,52,81.83054885945349,1.1493303727516997,0.4546126917777518,0.029700427652908725
2876682,2010-07-23T22:51:13,7.6,6.497000000000001,123.48,578.0,9395055,2013-11-03T11:03:40,5.9,3.64e+20,1.6999999999999993,4.6565,123.3471,532.0,58,133.12751365068772,0.995051623669902,0.27816015463256444,0.02037545537408432
2876682,2010-07-23T22:51:13,7.6,6.497000000000001,123.48,578.0,3277775,2011-02-10T14:39:28,6.5,3.64e+20,1.0999999999999996,4.195,122.974,523.2,226,26.447153238805928,0.252697122440984,0.1350071179136104,0.008566555257579314
2876682,2010-07-23T22:51:13,7.6,6.497000000000001,123.48,578.0,2877199,2010-07-29T07:31:56,6.6,3.64e+20,1.0,6.547999999999999,123.222,618.0,268,23.793799003931817,1.4666415548479799,0.51969352276538,0.010229751487782485
2876682,2010-07-23T22:51:13,7.6,6.497000000000001,123.48,578.0,2876716,2010-07-24T05:35:01,6.6,3.64e+20,1.0,6.218,123.519,553.0,258,20.684042718273762,6.751344795857585,2.04401772713642,0.01975020191366499
2876682,2010-07-23T22:51:13,7.6,6.497000000000001,123.48,578.0,2839291,2009-10-07T21:41:14,6.8,3.64e+20,0.7999999999999998,4.079,122.371,574.0,189,14.137035983822141,1.9210489448655717,0.8648406482092591,0.007564807779175344
2876682,2010-07-23T22:51:13,7.6,6.497000000000001,123.48,578.0,2839155,2009-10-04T10:58:00,6.6,3.64e+20,1.0,6.74,123.378,620.0,232,24.15416908372212,0.18194811084397106,0.07388206479698879,0.012601633575140115
2876682,2010-07-23T22:51:13,7.6,6.497000000000001,123.48,578.0,1952015,2005-02-05T12:23:18,7.1,3.64e+20,0.5,5.292999999999998,123.337,525.0,61,29.024604715244497,0.20922449926588127,0.09530713843140948,0.011023771024168677
2876682,2010-07-23T22:51:13,7.6,6.497000000000001,123.48,578.0,1542753,2003-07-01T05:52:24,6.0,3.64e+20,1.5999999999999996,4.529,122.511,635.4,30,232.0084870298259,0.6147202282367278,0.1183641186625259,0.017222619006275308
2876682,2010-07-23T22:51:13,7.6,6.497000000000001,123.48,578.0,1584889,2003-05-26T23:13:31,6.9,3.64e+20,0.6999999999999993,6.761,123.707,565.8,30,29.71356314714628,0.25140156234558186,0.09211063963891164,0.016659425075198436
2876678,2010-07-23T22:08:11,7.3,6.718,123.409,607.1,1542753,2003-07-01T05:52:24,6.0,1.15e+20,1.2999999999999998,4.529,122.511,635.4,30,22.331940856087893,0.4248551251864611,0.20357532505040604,0.02227340832576006
2844629,2010-02-18T01:13:18,6.9,42.587,130.703,577.7,4214963,2013-04-05T13:00:02,6.3,2.61e+19,0.6000000000000005,42.736,131.003,563.3,194,5.992241430770849,0.16972890860888207,0.1063050859886103,0.016040113967185854
2841270,2009-11-22T07:48:21,6.4,-17.794,-178.425,522.6,1327033,2002-06-16T06:55:13,5.9,3.82e+18,0.5,-17.866,-178.696,569.0,7,7.438334969370253,1.3842622417061077,0.5560631151961244,0.01200562276215174
2840820,2009-11-09T10:44:54,7.3,-17.239,178.331,595.0,1327033,2002-06-16T06:55:13,5.9,1e+20,1.3999999999999997,-17.866,-178.696,569.0,11,53.1151159810694,5.301904481762541,0.7413655090307271,0.017121517640573847
2840820,2009-11-09T10:44:54,7.3,-17.239,178.331,595.0,1240451,2002-01-02T14:50:32,6.2,1e+20,1.0999999999999996,-17.963,178.74400000000003,665.8,9,22.954725692233573,0.1551637384544861,0.06375941383912315,0.01474096738876057
2860926,2008-11-24T09:03:00,7.3,54.203,154.322,492.3,2841914,2009-12-10T02:30:52,6.3,1.11e+20,1.0,53.417,152.756,656.2,58,10.56088990247285,3.3400265183501485,1.389648333177628,0.015255993473512548
2735515,2008-07-05T02:12:06,7.7,53.882,152.886,632.8,10958985,2018-10-13T11:10:22,6.7,4.48e+20,1.0,52.8549,153.2429,461.0,159,49.668330041168325,0.12845196497778608,0.054097623913653234,0.012730573933971605
2735515,2008-07-05T02:12:06,7.7,53.882,152.886,632.8,975946,2001-02-07T15:16:15,5.7,4.48e+20,2.0,52.75100000000001,153.84799999999996,426.6,25,182.00221957175515,0.29346968038751936,0.10949803675024224,0.036749335484241454
2186707,2006-02-02T12:48:43,6.7,-17.747,-178.39,597.5,10767119,2018-05-01T19:47:53,5.9,1.4799999999999996e+19,0.7999999999999998,-18.0199,-177.9375,585.0,9,3.3485277944726253,1.1050015459639984,0.4585493555100514,0.02048579110852929
2186707,2006-02-02T12:48:43,6.7,-17.747,-178.39,597.5,3334228,2012-02-10T01:47:33,5.9,1.4799999999999996e+19,0.7999999999999998,-17.968,-178.549,582.3,8,5.059917317609089,0.4648162163404951,0.17320135060795278,0.022142238749103663
2186707,2006-02-02T12:48:43,6.7,-17.747,-178.39,597.5,1660728,2003-10-15T02:19:41,6.0,1.4799999999999996e+19,0.7000000000000002,-17.822,-178.704,582.6,5,11.531290429572964,0.28833030616189465,0.10525465632943197,0.011758825303561612
2186707,2006-02-02T12:48:43,6.7,-17.747,-178.39,597.5,1547900,2003-05-19T10:43:21,6.0,1.4799999999999996e+19,0.7000000000000002,-18.044,-178.67,563.8,8,12.580002405331342,0.5378495031073365,0.226856686404144,0.03091962997654625
2186707,2006-02-02T12:48:43,6.7,-17.747,-178.39,597.5,1327033,2002-06-16T06:55:13,5.9,1.4799999999999996e+19,0.7999999999999998,-17.866,-178.696,569.0,11,14.972445754751112,1.271964711426122,0.3058502570239908,0.012866642050209105
2188466,2006-01-02T22:13:40,7.2,-19.926,-178.178,582.9,10950337,2018-09-21T03:40:40,5.9,6.94e+19,1.2999999999999998,-17.9071,-179.9776,652.35,7,47.32701158712575,2.5820529483090566,0.4429631326942353,0.0187602072953475
2188466,2006-01-02T22:13:40,7.2,-19.926,-178.178,582.9,10394345,2017-08-19T02:00:52,6.4,6.94e+19,0.7999999999999998,-17.9609,-178.8406,544.0,72,20.36779500078285,0.3738247631955721,0.21853796450803573,0.01750157447969428
2188466,2006-01-02T22:13:40,7.2,-19.926,-178.178,582.9,10087356,2017-04-18T17:11:47,6.0,6.94e+19,1.2000000000000002,-18.0877,-178.36900000000003,628.0,4,19.044512801702474,4.331883023917831,0.7870457091270514,0.010894664574085396
2188466,2006-01-02T22:13:40,7.2,-19.926,-178.178,582.9,5149842,2015-06-21T21:28:16,6.0,6.94e+19,1.2000000000000002,-20.4307,-178.3276,562.61,38,28.119004386129127,1.053478613910231,0.3912298728930607,0.01118703355625273
2188466,2006-01-02T22:13:40,7.2,-19.926,-178.178,582.9,3318415,2011-07-22T06:56:39,5.9,6.94e+19,1.2999999999999998,-20.325,-178.595,612.1,28,30.411993601030808,1.1429994881429988,0.3851257411029779,0.014283947234336604
2188466,2006-01-02T22:13:40,7.2,-19.926,-178.178,582.9,3282428,2011-04-05T04:10:07,5.8,6.94e+19,1.4000000000000004,-17.662,-178.595,552.4,5,30.756375509243437,1.4601187645807816,0.19952179574607173,0.013421959566495464
2188466,2006-01-02T22:13:40,7.2,-19.926,-178.178,582.9,2878496,2010-08-16T19:35:48,6.2,6.94e+19,1.0,-20.799,-178.826,603.2,56,18.46844765348517,1.3076419723973904,0.5193883769956692,0.0136275666361378
2188466,2006-01-02T22:13:40,7.2,-19.926,-178.178,582.9,2874365,2010-06-22T22:16:21,5.8,6.94e+19,1.4000000000000004,-19.201,-177.553,562.5,8,68.73282557103525,2.3944162500638435,0.2488555368443656,0.013536604131776904
2188466,2006-01-02T22:13:40,7.2,-19.926,-178.178,582.9,2841270,2009-11-22T07:48:21,6.4,6.94e+19,0.7999999999999998,-17.794,-178.425,522.6,26,16.939116260945767,0.19302797071174616,0.10009926367092492,0.02125061831412775
2188466,2006-01-02T22:13:40,7.2,-19.926,-178.178,582.9,2865073,2009-01-27T06:29:12,5.9,6.94e+19,1.2999999999999998,-17.837,-178.67700000000005,601.0,4,22.101148552170205,0.9326284782982462,0.2766642568850176,0.04140051854162198
2188466,2006-01-02T22:13:40,7.2,-19.926,-178.178,582.9,2725850,2008-06-15T01:13:10,5.9,6.94e+19,1.2999999999999998,-17.735,-179.733,611.4,9,67.43820205601935,2.068996839371123,0.3184497081732521,0.01666396577856881
2188466,2006-01-02T22:13:40,7.2,-19.926,-178.178,582.9,2728435,2008-04-18T20:39:07,6.3,6.94e+19,0.9000000000000004,-17.342,-179.02200000000005,553.8,35,12.336193359988311,1.381791314186515,0.5273727670162071,0.014534180978508662
2188466,2006-01-02T22:13:40,7.2,-19.926,-178.178,582.9,2425804,2007-05-06T22:01:09,6.1,6.94e+19,1.1000000000000003,-19.406,-179.315,688.0,8,21.20009317005838,4.012296865873055,0.8576762074854418,0.006853822832389023
2188466,2006-01-02T22:13:40,7.2,-19.926,-178.178,582.9,2425674,2007-05-06T21:11:53,6.5,6.94e+19,0.7000000000000002,-19.401,-179.354,676.4,63,14.201806964518163,1.5588435911966982,0.6085649312719065,0.03734509704980474
2188466,2006-01-02T22:13:40,7.2,-19.926,-178.178,582.9,2476415,2007-03-23T22:30:54,5.8,6.94e+19,1.4000000000000004,-18.858,-178.37099999999995,613.1,6,83.7642599058492,2.4795454340218064,0.19654934757897907,0.01199899549421275
2188466,2006-01-02T22:13:40,7.2,-19.926,-178.178,582.9,2372840,2006-07-23T20:50:52,5.8,6.94e+19,1.4000000000000004,-17.93,-178.608,587.0,5,37.95491017433878,2.017672056695115,0.3965973332961175,0.011855828367570405
2188466,2006-01-02T22:13:40,7.2,-19.926,-178.178,582.9,2186449,2006-06-02T07:31:36,6.0,6.94e+19,1.2000000000000002,-20.837,-178.701,591.6,71,20.364093793220253,1.9773691230102568,0.7227375479116017,0.008418314058502855
2188466,2006-01-02T22:13:40,7.2,-19.926,-178.178,582.9,2009482,2005-03-19T17:34:45,6.3,6.94e+19,0.9000000000000004,-21.893,-179.547,598.7,61,11.910111258577313,0.38315437137009467,0.21500244335162744,0.04115089299855934
2188466,2006-01-02T22:13:40,7.2,-19.926,-178.178,582.9,1660728,2003-10-15T02:19:41,6.0,6.94e+19,1.2000000000000002,-17.822,-178.704,582.6,6,34.74132190390864,0.3413693876673289,0.1250786304293133,0.01582141518647841
2188466,2006-01-02T22:13:40,7.2,-19.926,-178.178,582.9,1547900,2003-05-19T10:43:21,6.0,6.94e+19,1.2000000000000002,-18.044,-178.67,563.8,6,57.171200742128065,1.820684358692196,0.2527917672033745,0.0118772662453193
2188466,2006-01-02T22:13:40,7.2,-19.926,-178.178,582.9,1404671,2002-10-04T19:05:49,6.3,6.94e+19,0.9000000000000004,-20.991,-179.016,621.1,38,17.071135684606475,0.926815389852816,0.43969348964761057,0.011338775012451608
2188466,2006-01-02T22:13:40,7.2,-19.926,-178.178,582.9,1327033,2002-06-16T06:55:13,5.9,6.94e+19,1.2999999999999998,-17.866,-178.696,569.0,9,56.73042094785689,2.211770228131388,0.3595712336495604,0.019665049155130503
2188466,2006-01-02T22:13:40,7.2,-19.926,-178.178,582.9,934352,2000-09-02T17:02:17,6.0,6.94e+19,1.2000000000000002,-20.073,-179.135,687.6,19,23.61137617912759,1.2775358652921016,0.47422034772664,0.01607696357876481
1952015,2005-02-05T12:23:18,7.1,5.292999999999998,123.337,525.0,9395055,2013-11-03T11:03:40,5.9,5.229999999999999e+19,1.1999999999999993,4.6565,123.3471,532.0,20,13.018522187968536,1.7610891438581957,0.5651984228100221,0.019785149134200212
1952015,2005-02-05T12:23:18,7.1,5.292999999999998,123.337,525.0,3277775,2011-02-10T14:39:28,6.5,5.229999999999999e+19,0.5999999999999996,4.195,122.974,523.2,53,5.083096988341944,0.37169865761930615,0.18801230593324472,0.007652571644135175
1952015,2005-02-05T12:23:18,7.1,5.292999999999998,123.337,525.0,2877199,2010-07-29T07:31:56,6.6,5.229999999999999e+19,0.5,6.547999999999999,123.222,618.0,58,12.032187896013351,0.3822623094738186,0.17668687764796248,0.015252471763480387
1952015,2005-02-05T12:23:18,7.1,5.292999999999998,123.337,525.0,2876716,2010-07-24T05:35:01,6.6,5.229999999999999e+19,0.5,6.218,123.519,553.0,57,7.571479806405226,1.373998364564825,0.6733362294855322,0.036938373671379525
1952015,2005-02-05T12:23:18,7.1,5.292999999999998,123.337,525.0,2839155,2009-10-04T10:58:00,6.6,5.229999999999999e+19,0.5,6.74,123.378,620.0,64,6.679035471459051,0.18935903277965704,0.09018275200732816,0.009667526381694248
1952015,2005-02-05T12:23:18,7.1,5.292999999999998,123.337,525.0,1542753,2003-07-01T05:52:24,6.0,5.229999999999999e+19,1.0999999999999996,4.529,122.511,635.4,39,40.41523700823284,0.3839680093639205,0.15711631808645485,0.017603185906955626
1857221,2004-11-17T21:09:09,6.6,-20.068,-178.71,622.6,5112137,2015-04-28T16:39:39,6.1,7.21e+18,0.5,-20.8865,-178.6329,581.0,28,7.2008327299226735,0.14015248370711053,0.066046034570741,0.01428334599921895
1857221,2004-11-17T21:09:09,6.6,-20.068,-178.71,622.6,3318415,2011-07-22T06:56:39,5.9,7.21e+18,0.6999999999999993,-20.325,-178.595,612.1,25,8.040097980769307,0.18750813976168712,0.09732768482909912,0.015414436688718438
1833055,2004-07-15T04:27:13,7.1,-17.656,-178.76,565.5,10950337,2018-09-21T03:40:40,5.9,4.8e+19,1.1999999999999993,-17.9071,-179.9776,652.35,10,43.9185761720366,2.2169043981100973,0.48691703582140006,0.013436001489940957
1833055,2004-07-15T04:27:13,7.1,-17.656,-178.76,565.5,10767119,2018-05-01T19:47:53,5.9,4.8e+19,1.1999999999999993,-18.0199,-177.9375,585.0,8,22.32586027659483,0.3288490811631061,0.11230881401923803,0.014023021672705223
1833055,2004-07-15T04:27:13,7.1,-17.656,-178.76,565.5,10394345,2017-08-19T02:00:52,6.4,4.8e+19,0.6999999999999993,-17.9609,-178.8406,544.0,73,18.90365688540799,0.5386476601134288,0.238196685826664,0.05214503358584482
1833055,2004-07-15T04:27:13,7.1,-17.656,-178.76,565.5,5149842,2015-06-21T21:28:16,6.0,4.8e+19,1.0999999999999996,-20.4307,-178.3276,562.61,38,31.943051254684896,2.133685542296923,0.5061886316417934,0.007360255998909673
1833055,2004-07-15T04:27:13,7.1,-17.656,-178.76,565.5,5149577,2015-06-16T06:17:00,5.9,4.8e+19,1.1999999999999993,-20.3944,-179.0024,656.0,4,107.3827674408633,1.6821328919525094,0.3116154702857831,0.016376106588658738
1833055,2004-07-15T04:27:13,7.1,-17.656,-178.76,565.5,3334228,2012-02-10T01:47:33,5.9,4.8e+19,1.1999999999999993,-17.968,-178.549,582.3,6,26.834677916848488,0.6212085516226207,0.19100626246657965,0.017853241088455683
1833055,2004-07-15T04:27:13,7.1,-17.656,-178.76,565.5,3320665,2011-08-19T03:54:26,6.2,4.8e+19,0.8999999999999995,-16.522000000000002,-177.00400000000005,407.9,51,16.81206329543593,2.639644960738424,0.935267094696432,0.014423793851960487
1833055,2004-07-15T04:27:13,7.1,-17.656,-178.76,565.5,3318415,2011-07-22T06:56:39,5.9,4.8e+19,1.1999999999999993,-20.325,-178.595,612.1,26,38.667755124251656,0.690880889442288,0.2228174242961519,0.026392652438407486
1833055,2004-07-15T04:27:13,7.1,-17.656,-178.76,565.5,2874365,2010-06-22T22:16:21,5.8,4.8e+19,1.2999999999999998,-19.201,-177.553,562.5,5,46.18171468676714,1.3782864077192842,0.22313583813664215,0.040598222234283055
1833055,2004-07-15T04:27:13,7.1,-17.656,-178.76,565.5,2841270,2009-11-22T07:48:21,6.4,4.8e+19,0.6999999999999993,-17.794,-178.425,522.6,20,13.498447586866146,0.7134420336136287,0.29313346295960346,0.025226461722950337
1833055,2004-07-15T04:27:13,7.1,-17.656,-178.76,565.5,2725850,2008-06-15T01:13:10,5.9,4.8e+19,1.1999999999999993,-17.735,-179.733,611.4,16,28.734815634819828,3.1072352754648085,0.5723679103578915,0.015403502523590672
1833055,2004-07-15T04:27:13,7.1,-17.656,-178.76,565.5,2728435,2008-04-18T20:39:07,6.3,4.8e+19,0.7999999999999998,-17.342,-179.02200000000005,553.8,38,14.43154880632385,1.3112450888913882,0.4347773471553235,0.01736843625323843
1833055,2004-07-15T04:27:13,7.1,-17.656,-178.76,565.5,2425804,2007-05-06T22:01:09,6.1,4.8e+19,1.0,-19.406,-179.315,688.0,7,10.496098621626981,3.34008209501926,0.8184268669376277,0.010800890274903387
1833055,2004-07-15T04:27:13,7.1,-17.656,-178.76,565.5,2425674,2007-05-06T21:11:53,6.5,4.8e+19,0.5999999999999996,-19.401,-179.354,676.4,47,15.120682887316796,0.5684490406787817,0.22786870746813215,0.041723136971776965
1833055,2004-07-15T04:27:13,7.1,-17.656,-178.76,565.5,2476415,2007-03-23T22:30:54,5.8,4.8e+19,1.2999999999999998,-18.858,-178.37099999999995,613.1,7,49.3957168090664,1.3917139171312112,0.17790297164588112,0.018779313564655748
1833055,2004-07-15T04:27:13,7.1,-17.656,-178.76,565.5,2372840,2006-07-23T20:50:52,5.8,4.8e+19,1.2999999999999998,-17.93,-178.608,587.0,9,24.278495038578146,1.535376524925516,0.3948901301676023,0.014136432518117654
1833055,2004-07-15T04:27:13,7.1,-17.656,-178.76,565.5,2292909,2006-06-27T02:59:16,6.3,4.8e+19,0.7999999999999998,-19.865,-178.287,569.9,5,6.09949438301866,5.173147027517078,1.7864681650932648,0.010471223178496358
1833055,2004-07-15T04:27:13,7.1,-17.656,-178.76,565.5,2276285,2006-02-24T14:15:45,6.1,4.8e+19,1.0,-17.995,-179.59,622.4,63,21.26596911759465,0.9687481196855974,0.32922714279355497,0.028858975313508974
1833055,2004-07-15T04:27:13,7.1,-17.656,-178.76,565.5,1880712,2004-12-19T20:13:35,5.8,4.8e+19,1.2999999999999998,-18.105,-178.85299999999995,563.8,5,31.032590115790477,0.6642560464174738,0.2406828312590216,0.042483819109965966
1833055,2004-07-15T04:27:13,7.1,-17.656,-178.76,565.5,1857221,2004-11-17T21:09:09,6.6,4.8e+19,0.5,-20.068,-178.71,622.6,95,12.31560527539083,1.7254210778447414,0.5601362535916515,0.00965800016376914
1833055,2004-07-15T04:27:13,7.1,-17.656,-178.76,565.5,1828292,2004-06-13T19:28:11,5.7,4.8e+19,1.3999999999999997,-17.891,-178.57,580.1,4,73.19824761692195,1.3868944259771308,0.23815412702428496,0.03827910332851688
1833055,2004-07-15T04:27:13,7.1,-17.656,-178.76,565.5,1660728,2003-10-15T02:19:41,6.0,4.8e+19,1.0999999999999996,-17.822,-178.704,582.6,9,28.20889685722839,0.8895202176687422,0.263816319847123,0.029711916884153707
1833055,2004-07-15T04:27:13,7.1,-17.656,-178.76,565.5,1593746,2003-08-14T18:23:06,5.9,4.8e+19,1.1999999999999993,-19.899,-177.984,563.3,7,33.31947826029927,1.7583850662070797,0.41325450601360186,0.013187447844936577
1833055,2004-07-15T04:27:13,7.1,-17.656,-178.76,565.5,1439449,2002-10-17T04:23:54,6.2,4.8e+19,0.8999999999999995,-19.842,-178.40099999999995,627.6,10,24.745788499547878,1.667779635464146,0.3918941986897359,0.01804640424474551
1833055,2004-07-15T04:27:13,7.1,-17.656,-178.76,565.5,1327033,2002-06-16T06:55:13,5.9,4.8e+19,1.1999999999999993,-17.866,-178.696,569.0,13,60.24160280646427,2.048710029401184,0.3100307152627521,0.01128357445743756
1833055,2004-07-15T04:27:13,7.1,-17.656,-178.76,565.5,1149145,2001-11-05T23:07:10,6.3,4.8e+19,0.7999999999999998,-17.289,-179.25099999999995,564.1,19,17.268616925358224,1.1679300842321252,0.366856367510892,0.020159593979256884
1833055,2004-07-15T04:27:13,7.1,-17.656,-178.76,565.5,934352,2000-09-02T17:02:17,6.0,4.8e+19,1.0999999999999996,-20.073,-179.135,687.6,17,25.10096382817284,1.3772444771667078,0.3800490281753052,0.014472290947263378
1833055,2004-07-15T04:27:13,7.1,-17.656,-178.76,565.5,883990,2000-05-04T20:36:29,6.5,4.8e+19,0.5999999999999996,-17.914,-178.52200000000005,515.8,25,17.197679379533394,0.8191807522876448,0.3000265492270813,0.01210240263143183
1652283,2003-07-27T06:25:31,6.8,47.151,139.248,470.3,8786871,2012-07-29T09:20:55,5.6,1.4599999999999996e+19,1.2000000000000002,47.379,139.07299999999998,502.3,29,27.01980802853437,0.4497248987417868,0.1629495952563309,0.014709703215226059
1576919,2003-06-20T06:19:40,7.1,-7.606,-71.722,558.1,2609353,2007-07-21T13:27:03,6.1,4.41e+19,1.0,-8.133,-71.27199999999998,644.9,66,21.50953533501569,0.4595379179597893,0.1677666506361481,0.017856378848601664
1584889,2003-05-26T23:13:31,6.9,6.761,123.707,565.8,2435670,2007-05-09T09:01:47,5.6,2.27e+19,1.3000000000000007,6.636,123.911,572.8,17,16.318088169893617,13.566976251229008,2.3554575453876643,0.010065821948891298
1441973,2002-11-17T04:53:55,7.3,47.824,146.209,459.1,10966888,2018-11-02T11:01:15,6.0,1.05e+20,1.2999999999999998,47.8334,146.6972,433.0,13,32.71927707592628,0.9592915919483146,0.3609301261257861,0.025648882037790498
1441973,2002-11-17T04:53:55,7.3,47.824,146.209,459.1,1788937,2004-11-07T02:02:24,6.2,1.05e+20,1.0999999999999996,47.948,144.477,474.0,48,77.812394818477,0.3839977906733413,0.11461588722958377,0.025600905029004226
1441973,2002-11-17T04:53:55,7.3,47.824,146.209,459.1,1257572,2002-03-07T00:07:06,5.6,1.05e+20,1.7000000000000002,47.88,146.958,440.4,13,1128.7564532687836,0.5420831710588545,0.0698709987973249,0.045773251700604985
1388787,2002-08-19T11:08:22,7.7,-23.884,178.495,675.4,10948555,2018-09-16T21:11:48,6.5,4.26e+20,1.2000000000000002,-25.415,178.1991,576.0,6,64.68606505885576,1.513024302112912,0.2565035174644486,0.022026438700791868
1388787,2002-08-19T11:08:22,7.7,-23.884,178.495,675.4,10600157,2018-01-02T14:57:19,5.9,4.26e+20,1.7999999999999998,-24.8235,178.45,579.49,4,191.1830497082086,4.440106576388325,0.23193798767291665,0.0116252659614917
1388787,2002-08-19T11:08:22,7.7,-23.884,178.495,675.4,10227651,2017-06-17T22:26:01,6.1,4.26e+20,1.6000000000000003,-24.0927,179.6041,511.0,5,152.99552612185215,4.199309340472352,0.2821883241620766,0.011208751703690876
1388787,2002-08-19T11:08:22,7.7,-23.884,178.495,675.4,4600908,2014-05-04T09:15:52,6.6,4.26e+20,1.1000000000000003,-24.6108,179.0856,527.0,30,75.88010766156516,1.4680267767158006,0.24083237396551696,0.011390243461439877
1388787,2002-08-19T11:08:22,7.7,-23.884,178.495,675.4,3333415,2012-01-24T00:52:04,6.3,4.26e+20,1.4000000000000004,-24.977,178.52,580.3,6,180.78556226429058,1.7321255054992435,0.14559493814003338,0.026627972397375282
1388787,2002-08-19T11:08:22,7.7,-23.884,178.495,675.4,3318957,2011-07-29T07:42:22,6.7,4.26e+20,1.0,-23.801,179.75099999999995,532.0,40,37.40162514499815,2.5690834221828314,0.5006985776852398,0.025166036431730168
1388787,2002-08-19T11:08:22,7.7,-23.884,178.495,675.4,3278381,2011-02-21T10:57:51,6.5,4.26e+20,1.2000000000000002,-26.142,178.394,558.1,20,133.9081194574585,0.7500902506609505,0.0969106514392089,0.01966756625844501
1388787,2002-08-19T11:08:22,7.7,-23.884,178.495,675.4,3207524,2010-12-28T08:34:17,6.3,4.26e+20,1.4000000000000004,-23.407,-179.80200000000005,551.0,11,240.05365417713617,0.6760281568428679,0.10535871342282968,0.06604692300689381
1388787,2002-08-19T11:08:22,7.7,-23.884,178.495,675.4,2874669,2010-06-30T04:31:01,6.4,4.26e+20,1.2999999999999998,-23.307,179.116,581.4,28,141.72206513324554,2.898628099352514,0.2933946108151882,0.01767151299872644
1388787,2002-08-19T11:08:22,7.7,-23.884,178.495,675.4,2724685,2008-07-03T03:02:35,6.2,4.26e+20,1.5,-23.37,-179.778,581.2,22,345.79111071261184,3.966129639316175,0.17246684144360813,0.014282540427467462
1388787,2002-08-19T11:08:22,7.7,-23.884,178.495,675.4,2704829,2008-01-15T17:52:16,6.5,4.26e+20,1.2000000000000002,-21.984,-179.535,597.6,17,97.21197062697159,3.0543677908845472,0.3063366927863821,0.019551275412006804
1388787,2002-08-19T11:08:22,7.7,-23.884,178.495,675.4,2579960,2007-10-16T21:05:43,6.6,4.26e+20,1.1000000000000003,-25.775,179.53,509.3,36,131.34506793214396,0.5445988981325631,0.08858979395493724,0.02922568890780618
1388787,2002-08-19T11:08:22,7.7,-23.884,178.495,675.4,2512111,2007-10-05T07:17:54,6.5,4.26e+20,1.2000000000000002,-25.189,179.459,509.4,23,113.17522149325977,1.8817052825511131,0.2754284394458055,0.02613451029167331
1388787,2002-08-19T11:08:22,7.7,-23.884,178.495,675.4,2287137,2006-02-26T03:08:28,6.4,4.26e+20,1.2999999999999998,-23.607,-179.989,535.2,21,155.44617211569138,3.3580581803094307,0.2757295730931716,0.03333340694299467
1388787,2002-08-19T11:08:22,7.7,-23.884,178.495,675.4,2009482,2005-03-19T17:34:45,6.3,4.26e+20,1.4000000000000004,-21.893,-179.547,598.7,14,191.94720939194082,1.1632241922061033,0.12286837744098045,0.04841292156763955
1388787,2002-08-19T11:08:22,7.7,-23.884,178.495,675.4,1362043,2002-09-08T13:15:56,6.0,4.26e+20,1.7000000000000002,-22.836,178.933,618.8,12,151.16245754894337,99.99999999999807,1.2114399003213707,0.012849652457341092
1388787,2002-08-19T11:08:22,7.7,-23.884,178.495,675.4,1369933,2002-06-30T21:29:36,6.5,4.26e+20,1.2000000000000002,-22.201,179.25,620.4,57,129.8470950021059,2.433931912516204,0.2889971911242001,0.01088033753250967
1388787,2002-08-19T11:08:22,7.7,-23.884,178.495,675.4,926544,2000-06-14T02:15:28,6.4,4.26e+20,1.2999999999999998,-25.516,178.046,604.6,18,154.0994310671075,1.228438384888861,0.18597465800004612,0.0433223234589418
1388755,2002-08-19T11:01:02,7.7,-21.696,-179.513,580.0,10003583,2017-02-24T17:28:44,6.9,3.4599999999999993e+20,0.7999999999999998,-23.2593,-178.8036,414.5,29,9.197912380807619,6.430273843135139,1.3558069806693829,0.008440975379812218
1388755,2002-08-19T11:01:02,7.7,-21.696,-179.513,580.0,9951393,2017-01-02T13:14:02,6.3,3.4599999999999993e+20,1.4000000000000004,-23.2513,179.2383,551.62,4,39.8819579071701,3.7326388287761065,0.9609354126468046,0.03220488522735124
1388755,2002-08-19T11:01:02,7.7,-21.696,-179.513,580.0,5183964,2016-05-28T05:38:50,6.9,3.4599999999999993e+20,0.7999999999999998,-21.9724,-178.2038,405.69,28,9.194028779451571,6.540354392315551,1.5065416851553106,0.011853390573823156
1388755,2002-08-19T11:01:02,7.7,-21.696,-179.513,580.0,5183873,2016-05-27T04:08:43,6.4,3.4599999999999993e+20,1.2999999999999998,-20.8101,-178.6481,567.48,19,18.825635883845663,5.319726415636349,0.8868995416532368,0.00870073848557637
1388755,2002-08-19T11:01:02,7.7,-21.696,-179.513,580.0,5112137,2015-04-28T16:39:39,6.1,3.4599999999999993e+20,1.6000000000000003,-20.8865,-178.6329,581.0,12,45.65602918021615,6.507664752465832,0.6847139657967091,0.006584799170548009
1388755,2002-08-19T11:01:02,7.7,-21.696,-179.513,580.0,4725571,2014-07-21T14:54:41,6.9,3.4599999999999993e+20,0.7999999999999998,-19.8015,-178.4001,615.42,30,11.122314665825943,3.370990122048993,0.9213150546035404,0.005499996395956664
1388755,2002-08-19T11:01:02,7.7,-21.696,-179.513,580.0,3318957,2011-07-29T07:42:22,6.7,3.4599999999999993e+20,1.0,-23.801,179.75099999999995,532.0,39,14.465515703755925,4.8751420558231695,1.201620120266249,0.008549970483879371
1388755,2002-08-19T11:01:02,7.7,-21.696,-179.513,580.0,3207524,2010-12-28T08:34:17,6.3,3.4599999999999993e+20,1.4000000000000004,-23.407,-179.80200000000005,551.0,15,36.73062880275465,3.6096871570968396,0.7773887291279785,0.007728600311672899
1388755,2002-08-19T11:01:02,7.7,-21.696,-179.513,580.0,2878496,2010-08-16T19:35:48,6.2,3.4599999999999993e+20,1.5,-20.799,-178.826,603.2,23,38.90427018084691,4.3454183776914705,0.7592467160017417,0.006102069744837878
1388755,2002-08-19T11:01:02,7.7,-21.696,-179.513,580.0,2874669,2010-06-30T04:31:01,6.4,3.4599999999999993e+20,1.2999999999999998,-23.307,179.116,581.4,32,33.978774499676746,4.657804832219129,0.7722791882868465,0.007839447987319975
1388755,2002-08-19T11:01:02,7.7,-21.696,-179.513,580.0,2724685,2008-07-03T03:02:35,6.2,3.4599999999999993e+20,1.5,-23.37,-179.778,581.2,29,57.42371884496486,5.594450302493496,0.6051208237072222,0.006786566301629281
1388755,2002-08-19T11:01:02,7.7,-21.696,-179.513,580.0,2704829,2008-01-15T17:52:16,6.5,3.4599999999999993e+20,1.2000000000000002,-21.984,-179.535,597.6,21,23.101797241215323,3.502390085785883,1.0009230844280563,0.008156147383207153
1388755,2002-08-19T11:01:02,7.7,-21.696,-179.513,580.0,2589246,2007-11-19T00:52:12,6.3,3.4599999999999993e+20,1.4000000000000004,-21.185,-178.752,558.3,20,29.33403593467256,7.621098450885309,1.249223432179983,0.011608877166894864
1388755,2002-08-19T11:01:02,7.7,-21.696,-179.513,580.0,2425804,2007-05-06T22:01:09,6.1,3.4599999999999993e+20,1.6000000000000003,-19.406,-179.315,688.0,4,163.060634046583,7.087654441296262,0.5308403161614612,0.0076886924509463675
1388755,2002-08-19T11:01:02,7.7,-21.696,-179.513,580.0,2425674,2007-05-06T21:11:53,6.5,3.4599999999999993e+20,1.2000000000000002,-19.401,-179.354,676.4,26,43.48791053301762,4.317207719906412,0.7374486065698161,0.014234056906259604
1388755,2002-08-19T11:01:02,7.7,-21.696,-179.513,580.0,2287137,2006-02-26T03:08:28,6.4,3.4599999999999993e+20,1.2999999999999998,-23.607,-179.989,535.2,25,37.256568794950226,4.896533261398512,0.7821945103971222,0.011799236077519005
1388755,2002-08-19T11:01:02,7.7,-21.696,-179.513,580.0,2009482,2005-03-19T17:34:45,6.3,3.4599999999999993e+20,1.4000000000000004,-21.893,-179.547,598.7,22,30.21298775634432,3.197196615109445,0.7753564507716032,0.014522135730444797
1388755,2002-08-19T11:01:02,7.7,-21.696,-179.513,580.0,1857221,2004-11-17T21:09:09,6.6,3.4599999999999993e+20,1.1000000000000003,-20.068,-178.71,622.6,42,21.395428900106577,4.466108329711124,1.020087002014358,0.009073255368622085
1388755,2002-08-19T11:01:02,7.7,-21.696,-179.513,580.0,1439449,2002-10-17T04:23:54,6.2,3.4599999999999993e+20,1.5,-19.842,-178.40099999999995,627.6,22,38.04645470294361,6.112871165024747,1.0195896570601153,0.01226844491791627
1388755,2002-08-19T11:01:02,7.7,-21.696,-179.513,580.0,1404671,2002-10-04T19:05:49,6.3,3.4599999999999993e+20,1.4000000000000004,-20.991,-179.016,621.1,60,30.032409579827288,3.162430789456415,0.7443137877372137,0.007028170126021126
1388755,2002-08-19T11:01:02,7.7,-21.696,-179.513,580.0,1369933,2002-06-30T21:29:36,6.5,3.4599999999999993e+20,1.2000000000000002,-22.201,179.25,620.4,65,35.24637486173349,4.377627044687212,0.8406790318816175,0.004975947035646594
1388755,2002-08-19T11:01:02,7.7,-21.696,-179.513,580.0,1097023,2001-09-12T08:48:37,6.5,3.4599999999999993e+20,1.2000000000000002,-20.993,-179.109,608.1,36,28.348052744272927,5.076155509546799,0.9295506419837396,0.006910492220962397
1388755,2002-08-19T11:01:02,7.7,-21.696,-179.513,580.0,1039338,2000-12-18T01:19:21,6.6,3.4599999999999993e+20,1.1000000000000003,-21.178,-179.12400000000005,628.2,47,19.256493510310843,3.3646149803632306,0.8032250178503844,0.008362637724585812
1362494,2002-06-28T17:19:30,7.3,43.752,130.666,566.0,3287001,2011-05-10T15:26:05,5.7,1.11e+20,1.5999999999999996,43.292,130.938,544.6,23,126.3346357993418,2.1576938023556207,0.8446913604631846,0.024938788578131192
1362494,2002-06-28T17:19:30,7.3,43.752,130.666,566.0,2427823,2007-03-09T03:22:42,6.0,1.11e+20,1.2999999999999998,43.224,133.526,441.2,36,33.94776077328689,0.2184466469319092,0.11365031681946593,0.014613960924370062
1362494,2002-06-28T17:19:30,7.3,43.752,130.666,566.0,1670626,2003-08-31T23:07:59,6.2,1.11e+20,1.0999999999999996,43.393,132.267,481.1,76,29.27943282627523,3.948874280629676,1.4535640266166652,0.015678859942010983
1362494,2002-06-28T17:19:30,7.3,43.752,130.666,566.0,1382571,2002-09-15T08:39:31,6.4,1.11e+20,0.8999999999999995,44.833,129.923,586.3,168,12.189305712831477,3.6388911141272837,1.4925959662565864,0.012345796812595691
1149145,2001-11-05T23:07:10,6.3,-17.289,-179.25099999999995,564.1,1296178,2002-05-04T07:00:48,5.8,2.71e+18,0.5,-17.898,-178.737,559.9,6,4.881816340396137,2.5162348096755927,0.8783861304221454,0.009561157949435977
945196,2000-04-23T09:27:23,7.0,-28.307,-62.99,608.5,3284455,2011-04-17T01:58:49,5.7,3.08e+19,1.2999999999999998,-27.596,-63.201,556.7,4,32.057939033990124,15.535298788158547,1.0177254312886432,0.01308875570025869
945196,2000-04-23T09:27:23,7.0,-28.307,-62.99,608.5,3284455,2011-04-17T01:58:49,5.7,3.08e+19,1.2999999999999998,-27.596,-63.201,556.7,4,32.057939033990124,15.535298788158547,1.0177254312886432,0.010950264894657473
